,shapley,equal_split,pv_proportional,contribution_proportional,least_core
H1,0.33454917549186813,0.2600531429600366,0.6946712401191754,0.5751939675747773,0.2348078762709036
H2,0.46943333492037215,0.2600531429600366,0.0,0.26160408994422385,0.6179436500601042
H3,0.2505763751876503,0.2600531429600366,0.6055944746810077,0.4634676572811821,0.1884674351923259
H4,0.10115545591846789,0.2600531429600366,0.0,0.0,0.06510646833988132
H5,0.14455137328182469,0.2600531429600366,0.0,0.0,0.19394028493696813
