,shapley,equal_split,pv_proportional,contribution_proportional,least_core
H1,0.33454917549186836,0.2600531429600368,0.6946712401191758,0.5751939675747776,0.2348078762709036
H2,0.4694333349203724,0.2600531429600368,0.0,0.261604089944224,0.6179436500601048
H3,0.2505763751876503,0.2600531429600368,0.6055944746810081,0.4634676572811824,0.1884674351923259
H4,0.101155455918468,0.2600531429600368,0.0,0.0,0.06510646833988132
H5,0.14455137328182496,0.2600531429600368,0.0,0.0,0.19394028493696847
